kindl cool fantast right	1
read kindl love lee child good read	1
first asses kindl fuck rock	1
youll love kindl ive mine month never look back new big one huge need remors	1
fair enough kindl think perfect	1
big quit happi kindl	1
fuck economi hate aig non loan given ass	-1
jqueri new best friend	1
love twitter	1
love obama make joke	1
check video presid obama white hous correspond dinner	0
firmli believ obama zero desir civil charad slogan want destroy conservat	-1
hous correspond dinner last night whoopi barbara amp sherri went obama got stand ovat	1
watchin espnju seen new nike commer puppet lebronsht hilariouslmao	1
dear nike stop flywir shit wast scienc ugli love	-1
lebron best athlet gener time basketbal relat dont want get intersport debat	1
talk guy last night tell die hard spur fan also told hate lebron jame	-1
love lebron	1
lebron beast still cheer atil end	-1
lebron boss	1
lebron hometown hero lol love laker let cav lol	1
lebron zydruna awesom duo	1
lebron beast nobodi nba come even close	1
download app iphon much fun liter app anyth	1
good news call visa offic say everyth finewhat relief sick scam steal	1
awesom come back via	1
montreal long weekend rampr much need	1
booz allen hamilton bad ass homegrown social collabor platform way cool ttiv	1
mluc custom innov award winner booz allen hamilton	1
current use nikon love much canon chose video featur mistak	1
need suggest good filter canon got	0
check googl busi blip show second entri huh good	0
googl alway good place look shouldv mention work mustang dad	1
play android googl phone slide screen scare would break fucker fast still prefer iphon	-1
plan resum militari tribun guantanamo bay time trial aig exec chrysler debt holder	-1
omg bore amp tattoooo itchi help aha	-1
itchi miser	-1
itchi mayb later lol	-1
love nerdi stanford human biolog video make miss school	1
bit crazi steep learn curv lyx realli good long doc anyth shorter would insan	1
listen pyt danni gokey aww amaz much	1
sleep bike ride	1
cant sleep tooth ach	-1
blah blah blah old old plan today back sleep guess	-1
glad didnt bay breaker today freak degre san francisco wtf	-1
san francisco bay breaker	0
land san francisco	0
san francisco today suggest	0
obama administr must stop bonus aig ponzi schemer	-1
start think citi realli deep sampt gon surviv turmoil gon next aig	-1
shaunwoo haten aig	-1
regret see star trek awesom	1
way see star trek esquir	0
see star trek soon dad	0
annoy new trend internet peopl pick apart michael lewi malcolm gladwel nobodi want read	-1
bill simmon convers malcolm gladwel	0
highli recommend malcolm gladwel	1
blink malcolm gladwel amaz book tip point	1
malcolm gladwel might new man crush	1
omg commerci alon espn drive nut	-1
play twitter api sound fun may need take class find new friend like gener result api code	1
play curl twitter api	0
hello twitter api	1
play java twitter api	0
twitter api slow client arent good	-1
yahoo answer butt sometim	-1
scrapbook nic	1
five thing wolfram alpha better vastli differ googl	1
chang default pic nike basketbal caus bball awesom	1
nike own nba playoff lebron kobe carmelo adida billup howard market brand	0
next time ill call nike	0
new blog post nike dunk low premium white gum	0
told nike layoff start today	-1
back work nike one fav word	1
way total inspir freaki nike commerci	1
give weka app engin interfac use bird strike data test logo given	0
brand new canon dslr camera canon len web technolog thread brand new canon	0
class suppos come today	1
need someon explain lambda calculu	-1
took graduat field exam comput scienc today noth make feel like idiot lambda calculu	-1
shout out east palo alto buildin karizmakaz cal gta also thank profit doom univers hempz cracka	1
yeahhhhhhhhh wouldnt realli live east palo alto could avoid guess summer	-1
great stanford cours thank make avail public realli help inform start	1
nvidia name stanford bill dalli chief scientist research	0
new blog post harvard versu stanford win	0
til let laker	1
damn north korea	-1
ahead blow north korea map alreadi	-1
north korea pleas ceas douchebaggeri china doesnt even like anymor	-1
hell pelosi freakin china whose dime	-1
burn cash chrysler stop financi tsunami bailout mean take handout	-1
insect infect spinach plant	-1
wish could catch everi mosquito world burn slowlythey bitin shit outta daymosquito asshol insect	-1
got back church total hate insect	-1
got mcdonald goddam egg make sick yeah laker date laker much updat well true suck	-1
omgg ohhde want mcdonald damn wonder open lol	1
histori exam studi ugh	-1
hate revis bore total unprepar exam tomorrow thing look good	-1
higher physic exam tommorow lookin forward much	-1
bank holiday yet work exam season suck	-1
cheney bush real culprit	-1
life bitch dick cheney bipart tlot tcot hhr gop dnc	-1
dick cheney dishonest speech tortur terror obama fred kaplan slate	-1
republican parti bunch antiabort zealot couldnt draw fli dump neal boortz radio	-1
twitter connect api broken tweet didnt make twitter	-1
srsli hate stupid twitter api timeout thing soooo annoy	-1
realli like learn jqueri book worth look	1
jqueri book review	0
interest adob goodbi silverstein amp partner youtub adob sen propr	1
goodbi silverstein agenc new site great	1
goodbi silverstein new site enjoy nice find	1
ever amaz psyop goodbi silverstein amp partner play effect	1
top ten watch viralvideo chart love nike campaign wieden amp kennedi	1
zomg	1
lot buzz lucki free	1
got free android googl	1
guess ill retir start use develop woot googleio	1
gwt firesid chat	0
happi philip googleio today	1
laker play great wait thursday night laker	1
anyon great sourc advic viral market	0
judd apatow creat fake sitcom nbccom market new movi viral market best	1
here case studi use viral market add peopl list	0
viral market fail acia pill brand oughta get shut hack peopl messeng get msg day arrrgh	-1
watch night museum lmao	1
love night museum	1
see new night museum movi famili boy three year old movi fuin	0
got back movi went see new night museum rachel good	1
saw new night museum movieit wasokaylol	0
see night museum tall boy	0
take date see night museum whenev wantit look soooooo good	1
watch night museum get realli good	1
night museum wolverin junk food perfect monday	1
saw night museum last night pretti crazi movi cast awesom well worth robin william forev	1
saw night museum battl swithsonian today okay typic kid ben stiller movi	0
take kati see night museum pick	0
night museum tonit instead well old better enjoy lol	-1
say expect announc sale hummer soon reuter wdsugm say expect announc sale hummer	0
unfortun stimulu plan put place twice help back american peopl led inevit	-1
tell give use program support unemploy	-1
die worth boo hahaha	-1
time warner cabl time sinc memori day bummer	-1
would rather pay reason yearli tax free fast internet get goug time warner slow connect	-1
nooooooo dvr die half way presser hate time warner	-1
fck time warner cabl fcking suck ball amp damn channel hardli ever come bullshit	-1
time warner wors custom servic ever never use	-1
time warner devil worst possibl time internet	-1
fuck internet damn time warner	-1
time warner realli pick worst time work want get mtvcom watch hill wtfffff	-1
hate time warner soooo wish vio cant watch fricken met game buffer feel like watch free internet porn	-1
ahhgot rid stupid time warner today amp take nap roomi cook pretti good end monday	-1
time warner line crap	-1
fuck time warner cabl didnt know modem could explod susan boyl suck	-1
time warner cabl pull plug girlfriend experi wwwtinyurlcom	0
time warner cabl slogan call day happen	-1
rocawear head china build store	0
climat focu turn beij unit nation european govern call china coo	0
myfoxdc barri student back trip china silver spring high school class trip china	0
three china aerospac giant develop tianjin binhai new area yuan invest	0
ceo china continu key partner	0
time buy car	0
recov surgerywish	-1
wrist still hurt get look hate place time watch eagl eye want join txt	1
dentist tomorrow brush well morn like make hair nice get cut	0
dentist lie wont feel discomort prob wont even need pain pill man twippin shit hurt mani pill take	-1
dentist great she expens	-1
pet dentist	0
stude math tomorrow exam dentist	1
dentist wrong wrong	-1
dentist later	-1
son look car onlin hate car shop would rather dentist anyon good car good price sell	-1
ncaa basebal super region ram club	0
start play major leagu basebal	0
cardin basebal advanc super region face csfullerton friday	0
soni coupon code expir soon	0
wait line safeway	0
luke got stop walk safeway ask empti pocket lift shirt jack	-1
realiz gym safeway	0
three word safeway dot com	0
safeway rock roll tonight	1
bout hit safeway got eat	0
jake safeway	0
found safeway pick stapl	0
safeway supermarket via mobil coupon	0
safeway bathroom still smell like ass	-1
safeway elkhorn move like theyr dead	-1
normal weight get normal eat blog	0
eat watch movi	0
eat sashimi	0
eat home made yema	0
eat cake	0
love dwight howard vitamin water commerci wish nike adida lol	1
found noth nike factori banana republ outlet	-1
iphon may get radio tag nike recentlyreleas itun version suggest voiceov function	0
lovin nike alreadi that run spot bedroom	1
launch imgsearch ajax jqueri webapp	0
final got around use jqueri make bio collaps yay slide anim	1
ultim jqueri list	0
extract opensourc jqueri plugin stormweight highlight text regular express	0
php jqueri hack	0
jqueri cheat sheet	0
begin javascript css develop jqueri javascript css jqueri	0
right lol well get high expect warren buffet style	1
great someon sit shade today someon plant tree long time ago warren buffet	1
warren buffet economi	0
warren buffet becam time richest man unit state work invest big idea lead fortun	1
accord creat school notr dame receiv ncaa higher rate sweet	1
allstar basketbal classic tuesday featur top talent chattanooga notr dame high school play host	0
definit warranti amp experi amazon support kindl great contact kindl	1
look avail amazon kindl amp kindl get top electron book reader period free day ship	0
time warner road runner custom support absolut blow hate highspe net option readi nuclear	-1
time warner cabl phone rep dumber nail ugh cabl work min ago wtf	-1
tri time warner wasnt nice record today	-1
omg time warner fed internet instal instead today next saturday anoth week internet ampehfavfhg fml	-1
wthi never seen line loooong time warner ugh	-1
impati await arriv time warner guy way pretti insid afternoon	-1
man accost roger feder french open	0
naiv bay use text classif realli frustrat	-1
went stanford univers today got tour made want back colleg also decid kid	1
investig pend death stanford prof googl mentor rajeev motwani tip	0
bed success weekend stanford come	0
your harass call car warranti chang number wont fix call everi number dbag	-1
block unit blood servic use googl voic call car warranti guy	-1
atampt complet fail	-1
snap work atampt dont	-1
realli dont want atampt phone servicethey suck come signal	-1
say cut small talk atampt new slogan give money apolog bob geldof	-1
piss atampt midcontract upgrad price iphon pay someth thought	-1
safari fast even shitti atampt tether	-1
atampt fuck	-1
atampt drop ball isnt support crap new iphon fail att suck	-1
yay glad got phone still damn atampt	-1
googl wave develop sandbox account request	0
talk cheap bing ill stick googl	-1
wtf point delet tweet still found summiz search twitter pleas fix thank bye	-1
googl profil stop show search cant see anymor	0
love googl translat good day mate	1
read new kindl	1
kindl came love	1
love new kindl name kendra case wonder cookbook tool cuz tell trick best gift evr	1
real aig scandal	-1
twitter apr app yet	0
pro follow twitter	0
obama quit good comedian check dinner speech cnn funni joke	1
barack obama show funni side gtgt great speech	1
like guy barack obama show funni side gtgt	1
obama speech pretti awesom last night	1
read bill clinton fail obama win	1
obama popular among arab survey presid barack obama popular lead arab countri	1
obama got joke haha got watch bit dinner speech last night love presid	1
lebron jame got car accid guessjust heard even newswow cant believ itwil	-1
best playoff year yea lebron melo final	1
lebron best	1
lebron cool like personalityh good charact	1
watch lebron highlight damn nigga good	1
lebron murder shit	1
lebron monsta smh world aint readi	1
lebron done nba probabl greater kobe like said kobe good alot good player	1
kobe good lebron vote	1
kobe best world lebron	-1
world cup access damn that good look	1
bought ticket fifa world cup south africa great summer	1
share disruptionfr wilson slide talk googl	0
booz allen hamilton meet get home	-1
great indian tamasha truli unfold may result day indian gener elect	1
kindl ive seen pictur havent seen person love kindl everyday	1
awesom idea continu learn program kindl	1
noth think	0
ooooh model get love love love love	1
time india wonder india elect	1
good video googl use search option	1
lol skin itchi damn lawnmow	-1
itchi back dont hate	-1
stanford chariti fashion show top draw	1
stanford univers facebook profil one popular offici univers page	1
lyx cool	1
sooo dissapoint sent danni gokey home still rock danni hometown hero yeah milrocke	1
american idol fashion adam lambert tone danni gokey cute	1
love danni gokey	1
onstar instantli send accid locat coordin obsess	0
tire didnt sleep well last night	-1
board plane san francisco hour flight blech	-1
bonjour san francisco back hurt last night	-1
breaker san francisco	0
head san francisco	0
best girl hour san francisco mmmmmfamili wonder	1
big home aig	-1
went see star trek movi last night satisfi	1
cant wait see star trek tonight	1
star trek good everyon said	1
love new malcolm gladwel book outlier	1
highli recommend malcolm gladwel tip point next audiobook probabl one well	1
malcolm gladwel geniu trick peopl realiz fuck idiot	-1
hey offens malcolm gladwel preteni annoy cunt bring cant read shit	-1
great articl malcolm gladwel	1
serious underestim malcolm gladwel want meet dude	1
hate comcast right everyth cabl internet amp phoneughh	-1
comcast suck	-1
day never deal comcast rank one best day life	-1
comcast fail	-1
use twitter api	0
curs twitter api limit	-1
see dave winer scream lack twitter api limit access throttl	-1
test twitter api	0
arg twitter api make crazi	-1
test twitter api remot updat	0
realli love new search site wolfram make googl seem quaint	1
wolfram alpha suck even research inform provid less get googl wikipedia total useless	-1
nike factori	1
new nike muppet commerci pretti cute live togeth	1
new blog post nike zoom lebron soldier iii white black teal	0
new blog post nike trainer	0
awesom wish werent own nike	-1
awesom see show friday shorelin amphitheatr never seen nin cant wait	1
arhh weka bug spent almost two hour find crappi	-1
hey bud love although love mkii	1
got offic	1
pick new canon dit beauti prepar serious awesom photographi	1
got new toy canon love love love	1
learn lambda calculu	1
job sitterc help take care sick child east palo alto	0
move east palo alto	1
finish watch stanford iphon class session realli appreci rock	1
saw stanford talk realli like advic say singapor video get around	1
mba admiss tip stanford gsb deadlin essay topic	0
ethic nonprofit stanford	0
laker tonight let	1
laker kick nugget ass tonight	1
oooooooh north korea troubleeee	-1
wat heck north korea conduct power nuclear test follow link	-1
listen obama friggin north korea	-1
realiz three monkey white obamabidenpelosi sarah palin	-1
pelosi stay china never come back	-1
nanci pelosi gave worst commenc speech ive ever heard still bitter	-1
ugh amount time stupid insect bitten grr	-1
prettiest insect ever pink katydid	1
got barrag hord insect hungri kitchen light scari	-1
mcdonald dinner goooood big mac meal	1
ahh lol ima tell hubbi get sum mcdonald	1
stop lunch mcdonald chicken nuggetssss yummmmmi	1
could lot mcdonald mean lot	1
exam went good prayer work	1
one exam left happi	1
math review fail exam	-1
colin powel rock yesterday cheney need shut hell homepowel man honor serv countri proudli	-1
obvious side cheney	-1
absolut hilari	1
never thank includ top twitter author rock amp new wave	1
learn jqueri book review	0
awesom jqueri refer book coda webdesign	1
ive send email like crazi today contactsdo anyon contact goodbi silversteinid love speak	1
adob commerci goodbi silverstein	0
goodbi silverstein new site enjoy	1
wow everyon googl confer got free month unlimit servic	1
dood got free googl android phone confer	1
amaz btw huge improv	1
html demo lot great stuff come excit googleio	1
yay happi place place place love googl	1
googleio bring graphic browser nice tbh funfun	1
awesom viral market funni peopl	1
watch programm life hitler enhanc geeki histori	0
saw night museum sheer desper fund movi	-1
night museum pretti furkin good	1
watch night museum giggl	1
jenna went see night museum today surpris see three cast member offic	0
watch night museum ryan staci	0
get readi watch night museum dum dum give gum gum	0
back see star trek night museum star trek amaz night museum	-1
watch night museum stinkin cute	1
night museum awesom much better part next weekend well see	1
think may new favorit restaur way see night museum	0
sold see night museum year old	0
saw new night museum love next see	1
shame forc make car white hous think sell think	-1
may notic happi situat aig lehman	-1
obama nation shortterm	0
good riddanc sad though	-1
never buy govern motor vehicl recent drove car sinc bought	-1
old cocacola guy board stupid heck tcot ala	-1
rantsandrav worst thing concord pleasant hill martinez fuck uaw	-1
give man fish feed day teach fish feed life buy good	-1
hear thing angri get billion wast bullshit someth like employe	-1
car junk far qualiti compar honda	-1
sad daybankrupt	-1
upset whole thing life know screw	-1
whoever run time warner need repeatedli rape rhino understand consequ put shitti cabl svc	-1
time warner ceo hint onlin fee magazin read mountain viewunit state view	0
wftb join bit late connect boo time warner	-1
cox time warner cox cheaper get dslreport expens get	-1
furiou time warner phone promot	-1
got home chickfila boy damn internet stupid time warner	-1
could timewarn cabl suck	-1
piss time warner causin slow internet problem	-1
ummm time warner problem	-1
guy see time warner suck much ass realli wish could get uvers apart	-1
upsid time warner unhelp phone oper superslow onsit servic crap that upsid	-1
new time warner slogan time warner make long day cabl	-1
confirm time warner fault facebook take minut load tempt switch verizon	-1
time warner epic fail	-1
lawson head newedg hong kong busi china	0
weird piano guitar hous china	0
send photo	0
know sad day hurrican season that less scarey govt take	-1
file bankruptci good sign	-1
yanke met lost good day	1
dentist appt today actual quit enjoy	1
hate dentist	-1
dentist appt morn convers	0
hate dentist	-1
hate dentistwho invent anyway	-1
dentist offic cold	-1
check video david dentist	0
first dentist appoint year wednesday possibl	0
tom shanahan latest column sdsu ncaa basebal region appear	0
blog basebal america prospect blog blog	0
portland citi polit may undo basebal park	0
merc water bottl safeway resold profit well dri across counti	0
drop broccoli walk home safeway depress	0
dont safeway	0
appli safeway yeeeee	1
place nightmar right bum	-1
safeway dad	0
hate safeway select green tea icecream bought two carton wast money gtlt	-1
safeway marvin janel aunti lhu	0
safeway offer mobil coupon	0
philli drive cadillac top cali win	0
save money opt groceri store trip stock food hotel room fridg eat everi night town	0
loung around eat taco bell watch nci work tonight need help stay awak	0
eat breakfast school	0
still hungri eat	0
tip healthi eat resultsbi fit blog fit	0
boyfriend eat quesadilla	0
eat dinner meat chip risotto	0
got new pair nike shoe pic later	0
nike blazer high acg custom brad dougla	0
nike rock super grate ive done amp european divis nike beyond	1
nike air yeezi khaki colorway releas	0
tri nike addict	1
look lot like one nike privat jetsim sayin	0
nike train club beta iphon app look interest	1
argghhhh wont jqueri appear safari bad safari	-1
devsnippet jqueri tool javascript compon web	0
ajaxjqueri css javascript mani exampl	0
readi drop pretens forev love jqueri want marri sorri ladi nerd jqueryspokenforj	1
cold look googl chart api found jqueri wrapper api	0
spent day read jqueri book start drink delirium tremen	0
jqueri selector	0
implement news ticker jqueri ten line code	0
what buffet warren buffett kick butt battl boot post byalex cripp	0
super investor great weekend read warren buffet oldi goodi	1
truli braindead couldnt come warren buffet name save soul	0
read michael palin book python yearsgreat book also recommend warren buffet amp nelson mandela bio	1
mean notr dame good school closer dan enjoy	1
cant watch without tivo year time dvr still suck	-1
say sport writer idiot say roger feder one best ever tenni roger feder best ever tenni	1
still love kindl read new york time feel natur miss bloomingdal	-1
love kindl stack book trip way loo	1
although today keynot rock everi great announc atampt shit littl bit	-1
much obsess cell phone iphon slave atampt forev	-1
see thought atampt mhz wcdma	0
read tether support phil atampt join	0
fuzzbal fun atampt	-1
today good day dislik atampt vote offic inde	-1
got wave sandbox invit extra excit bad class ill play soon enough wave	1
look like summiz gone mani tweet wwdc perhap	-1
hope girl work buy kindl	0
miss insightfil may column one smart guy look close impress kindl	0
thank much one happi kindl winner surpris fabul thank best kathleen	1
man kinda dislik appl right case point iphon wish video record app pleas	-1
kindl amp soni like physic devic feel good font nice turn snappi enuf littl klunki	1
kindl seem best eread work get one	1
googl addict thank point hahaha	1
primari debit card visa electron	0
bank get new visa platinum card	0
dearest rich bastard visa card sent doesnt work screw littl guy like	-1
date bobbi flay gut fieri food network	0
excit see bobbi flay guy fieri tomorrow great american food amp music fest	1
gon see bobbi flay moro shorelin eat drink gon good	1
cant wait great american food music festiv shorelin tomorrow mmmkatz pastrami bobbi flay pleas	1
dad day ate mesa grill last night met bobbi flay much fun except complet lost voic today	1
fight latex	-1
love dont want die latex devil	-1
hour hour inkscap crash normal solid rock hour latex complain slightest thing cant take	-1
track iran social media	0
shit hit fan irancrazi inde iranelect	-1
monday alreadi iran may implod kitchen disast seem happi nice weekend great whoop	-1
twitter stock buzz aapl esf spi spx palm updat	0
get readi test burger receip weekend bobbi flay great receip tri thank bobbi	1
bobbi flay join	0
lam love bobbi flay favorit need place phoenix great pepper	1
creat first latex file scratch didnt work well see great time waster	-1
use linux love much nicer window look forward use wysiwyg latex editor	1
use latex lot typeset mathemat look hideou	1
ask program latex indesign submit calcio link comment	0
note hate word hate page hate latex said hate latex texnrd come kill	-1
ahhh back real text edit environ latex	1
troubl iran see hmm iran iran far away	-1
read tweet come iran whole thing terrifi incred sad	-1
