bitcoin	1
suppli	-1
airdrop	1
total	-1
blockchain	1
symbol	-1
new	1
rank	-1
cryptocurr	1
name	-1
crypto	1
volum	-1
copi	1
chang	-1
free	1
price	-1
success	1
hour	-1
satoshi	1
twitter	-1
ico	1
singl	-1
bet	1
offici	-1
best	1
ceo	-1
first	1
fall	-1
bethereum	1
monthli	-1
get	1
half	-1
btc	1
air	-1
ethereum	1
web	-1
much	1
traffic	-1
earnmoney	1
cloud	-1
readi	1
worthless	-1
automat	1
dorsey	-1
trader	1
jack	-1
dividend	1
task	-1
complet	1
ether	-1
